{
    "Fraud Detection System": {
        "Scenario-based Testing": 0.03,
        "Penetration Testing": 0.1,
        "Compatibility Testing": 0.02,
        "Performance Testing": 0.02,
        "End-to-End Testing": 0.04,
        "Vulnerability Assessments/Scans": 0.1,
        "Network Security Assessments": 0.07,
        "Physical Security Reviews": 0.02,
        "Thread-Led Penetration Testing": 0.05,
        "BCP Testing": 0.04,
        "Crisis Comms Plan Testing": 0.03,
        "DR Testing": 0.05,
        "Backup & Restore": 0.04,
        "Critical Business Process": 0.06,
        "Incident Response": 0.06,
        "Data Encryption": 0.05,
        "Access Control": 0.06,
        "Documentation": 0.03,
        "User Training": 0.03,
        "Test Automation": 0.03,
        "Backup & Redundancy": 0.03,
        "Test Data Management": 0.03,
        "Threat Intelligence and Cyber Threat Monitoring": 0.05,
        "Audit Logs": 0.03,
        "Frequency of Assessment": 0.03,
        "Production Data Usage": 0.03
    },
    "Internet Banking Channel": {
        "Scenario-based Testing": 0.03,
        "Penetration Testing": 0.03,
        "Compatibility testing": 0.03,
        "Performance testing": 0.04,
        "End-to-end testing": 0.04,
        "Vulnerability assessments/scans": 0.03,
        "Network security assessments": 0.03,
        "Physical security reviews": 0.03,
        "Thread-Led Penetration Testing": 0.03,
        "BCP testing": 0.03,
        "Crisis comms plan testing": 0.03,
        "DR Testing": 0.03,
        "Backup & Restore": 0.03,
        "Critical Business Process": 0.1,
        "Incident Response": 0.06,
        "Data Encryption": 0.06,
        "Access Control": 0.06,
        "Documentation": 0.06,
        "User Training": 0.06,
        "Test Automation": 0.06,
        "Backup & Redundancy": 0.06,
        "Test Data Management": 0.06,
        "Threat Intelligence and Cyber Threat Monitoring": 0.06,
        "Audit Logs": 0.06,
        "Frequency of Assessment": 0.06,
        "Production Data Usage": 0.06
    }
}
